{
    "Items":
    [
        {
            "Identifier": "winecrash:direction",
            "RuntimeType": "Winecrash.Cube, WinecrashCore",
            "Path": "assets/items/direction.json"
        },
        {
            "Identifier": "winecrash:air",
            "RuntimeType": "Winecrash.Block, WinecrashCore",
            "Path": "assets/items/air.json"
        },
        {
            "Identifier": "winecrash:grass",
            "RuntimeType": "Winecrash.Cube, WinecrashCore",
            "Path": "assets/items/grass.json"
        },
        {
            "Identifier": "winecrash:dirt",
            "RuntimeType": "Winecrash.Cube, WinecrashCore",
            "Path": "assets/items/dirt.json"
        },
        {
            "Identifier": "winecrash:stone",
            "RuntimeType": "Winecrash.Cube, WinecrashCore",
            "Path": "assets/items/stone.json"
        },
        {
            "Identifier": "winecrash:bedrock",
            "RuntimeType": "Winecrash.Cube, WinecrashCore",
            "Path": "assets/items/bedrock.json"
        },
        {
            "Identifier": "winecrash:sand",
            "RuntimeType": "Winecrash.Cube, WinecrashCore",
            "Path": "assets/items/sand.json"
        },
        {
            "Identifier": "winecrash:leaves",
            "RuntimeType": "Winecrash.Cube, WinecrashCore",
            "Path": "assets/items/leaves.json"
        },
        {
            "Identifier": "winecrash:log",
            "RuntimeType": "Winecrash.Cube, WinecrashCore",
            "Path": "assets/items/log.json"
        },
        {
            "Identifier": "winecrash:diamond_pickaxe",
            "RuntimeType": "Winecrash.Tool, WinecrashCore",
            "Path": "assets/items/diamond_pickaxe.json"
        },
        {
            "Identifier": "winecrash:water",
            "RuntimeType": "Winecrash.Cube, WinecrashCore",
            "Path": "assets/items/water.json"
        },
        {
            "Identifier": "winecrash:nord",
            "RuntimeType": "Winecrash.Item, WinecrashCore",
            "Path": "assets/items/nord.json"
        },
    ]
}