{
  "name" : "Debug",
  "size": {
    "X": 1,
    "Y": 5,
    "Z": 14
  },
  "root": {
    "X": 0,
    "Y": 0,
    "Z": 0
  },
  "palette": [
    "winecrash:air",
    "winecrash:stone"
  ],
  "data": [
    1,
    1,
    1,
    1,
    1,
    1,
    0,
    1,
    0,
    1,
    0,
    1,
    0,
    1,
    0,

    0,
    0,
    0,
    0,
    0,

    1,
    0,
    0,
    0,
    1,
    1,
    1,
    1,
    1,
    1,
    1,
    0,
    0,
    0,
    1,

    0,
    0,
    0,
    0,
    0,

    0,
    0,
    0,
    0,
    1,
    1,
    1,
    1,
    1,
    1,
    0,
    0,
    0,
    0,
    1,

    0,
    0,
    0,
    0,
    0,
    
    1,
    1,
    1,
    1,
    1,
    1,
    0,
    1,
    0,
    1
  ]
}