{
  "name" : "Tree",
  "size": {
    "X": 5,
    "Y": 6,
    "Z": 5
  },
  "root": {
    "X": 2,
    "Y": 0,
    "Z": 2
  },
  "palette": [
    "winecrash:air",
    "winecrash:log",
    "winecrash:leaves"
  ],
  "data": [
    0,0,0,0,0,
    0,0,0,0,0,
    2,2,2,2,2,
    2,2,2,2,2,
    0,0,0,0,0,
    0,0,0,0,0,

    0,0,0,0,0,
    0,0,0,0,0,
    2,2,2,2,2,
    2,2,2,2,2,
    0,2,2,2,0,
    0,0,2,0,0,

    0,0,1,0,0,
    0,0,1,0,0,
    2,2,1,2,2,
    2,2,1,2,2,
    0,2,2,2,0,
    0,2,2,2,0,

    0,0,0,0,0,
    0,0,0,0,0,
    2,2,2,2,2,
    2,2,2,2,2,
    0,2,2,2,0,
    0,0,2,0,0,

    0,0,0,0,0,
    0,0,0,0,0,
    2,2,2,2,2,
    2,2,2,2,2,
    0,0,0,0,0,
    0,0,0,0,0
  ]
}