{
    "MapPath": "assets/fonts/maps/pixelized_map.png",

    "Table": [
        {
            "Character": "A",
            "X" : 0,
            "Y" : 123,
            "Width" : 53,
            "Height" : 123
        },
        {
            "Character": "a",
            "X" : 53,
            "Y" : 123,
            "Width" : 53,
            "Height" : 123
        },
        {
            "Character": "B",
            "X" : 106,
            "Y" : 123,
            "Width" : 53,
            "Height" : 123
        },
        {
            "Character": "b",
            "X" : 159,
            "Y" : 123,
            "Width" : 53,
            "Height" : 123
        },
        {
            "Character": "C",
            "X" : 212,
            "Y" : 123,
            "Width" : 53,
            "Height" : 123
        },
        {
            "Character": "c",
            "X" : 265,
            "Y" : 123,
            "Width" : 53,
            "Height" : 123
        },
        {
            "Character": "D",
            "X" : 318,
            "Y" : 123,
            "Width" : 53,
            "Height" : 123
        },
        {
            "Character": "d",
            "X" : 371,
            "Y" : 123,
            "Width" : 53,
            "Height" : 123
        },
        {
            "Character": "E",
            "X" : 424,
            "Y" : 123,
            "Width" : 53,
            "Height" : 123
        },
        {
            "Character": "e",
            "X" : 477,
            "Y" : 123,
            "Width" : 53,
            "Height" : 123
        },
        {
            "Character": "F",
            "X" : 530,
            "Y" : 123,
            "Width" : 53,
            "Height" : 123
        },
        {
            "Character": "f",
            "X" : 583,
            "Y" : 123,
            "Width" : 44,
            "Height" : 123
        },
        {
            "Character": "G",
            "X" : 627,
            "Y" : 123,
            "Width" : 53,
            "Height" : 123
        },
        {
            "Character": "g",
            "X" : 680,
            "Y" : 123,
            "Width" : 53,
            "Height" : 123
        },
        {
            "Character": "H",
            "X" : 733,
            "Y" : 123,
            "Width" : 53,
            "Height" : 123
        },
        {
            "Character": "h",
            "X" : 786,
            "Y" : 123,
            "Width" : 53,
            "Height" : 123
        },
        {
            "Character": "I",
            "X" : 839,
            "Y" : 123,
            "Width" : 35,
            "Height" : 123
        },
        {
            "Character": "i",
            "X" : 874,
            "Y" : 123,
            "Width" : 18,
            "Height" : 123
        },
        {
            "Character": "J",
            "X" : 892,
            "Y" : 123,
            "Width" : 53,
            "Height" : 123
        },
        {
            "Character": "j",
            "X" : 945,
            "Y" : 123,
            "Width" : 53,
            "Height" : 123
        },


        {
            "Character": "K",
            "X" : 0,
            "Y" : 246,
            "Width" : 53,
            "Height" : 123
        },
        {
            "Character": "k",
            "X" : 53,
            "Y" : 246,
            "Width" : 44,
            "Height" : 123
        },
        {
            "Character": "L",
            "X" : 97,
            "Y" : 246,
            "Width" : 53,
            "Height" : 123
        },
        {
            "Character": "l",
            "X" : 150,
            "Y" : 246,
            "Width" : 27,
            "Height" : 123
        },
        {
            "Character": "M",
            "X" : 177,
            "Y" : 246,
            "Width" : 53,
            "Height" : 123
        },
        {
            "Character": "m",
            "X" : 230,
            "Y" : 246,
            "Width" : 53,
            "Height" : 123
        },
        {
            "Character": "N",
            "X" : 283,
            "Y" : 246,
            "Width" : 53,
            "Height" : 123
        },
        {
            "Character": "n",
            "X" : 336,
            "Y" : 246,
            "Width" : 53,
            "Height" : 123
        },
        {
            "Character": "O",
            "X" : 389,
            "Y" : 246,
            "Width" : 53,
            "Height" : 123
        },
        {
            "Character": "o",
            "X" : 442,
            "Y" : 246,
            "Width" : 53,
            "Height" : 123
        },
        {
            "Character": "P",
            "X" : 495,
            "Y" : 246,
            "Width" : 53,
            "Height" : 123
        },
        {
            "Character": "p",
            "X" : 548,
            "Y" : 246,
            "Width" : 53,
            "Height" : 123
        },
        {
            "Character": "Q",
            "X" : 601,
            "Y" : 246,
            "Width" : 53,
            "Height" : 123
        },
        {
            "Character": "q",
            "X" : 654,
            "Y" : 246,
            "Width" : 53,
            "Height" : 123
        },
        {
            "Character": "R",
            "X" : 707,
            "Y" : 246,
            "Width" : 53,
            "Height" : 123
        },
        {
            "Character": "r",
            "X" : 760,
            "Y" : 246,
            "Width" : 53,
            "Height" : 123
        },
        {
            "Character": "S",
            "X" : 813,
            "Y" : 246,
            "Width" : 53,
            "Height" : 123
        },
        {
            "Character": "s",
            "X" : 866,
            "Y" : 246,
            "Width" : 53,
            "Height" : 123
        },
        {
            "Character": "T",
            "X" : 919,
            "Y" : 246,
            "Width" : 53,
            "Height" : 123
        },
        {
            "Character": "t",
            "X" : 972,
            "Y" : 246,
            "Width" : 32,
            "Height" : 123
        },
        {
            "Character": "U",
            "X" : 0,
            "Y" : 369,
            "Width" : 53,
            "Height" : 123
        },
        {
            "Character": "u",
            "X" : 53,
            "Y" : 369,
            "Width" : 53,
            "Height" : 123
        },
        {
            "Character": "V",
            "X" : 106,
            "Y" : 369,
            "Width" : 53,
            "Height" : 123
        },
        {
            "Character": "v",
            "X" : 159,
            "Y" : 369,
            "Width" : 53,
            "Height" : 123
        },
        {
            "Character": "W",
            "X" : 212,
            "Y" : 369,
            "Width" : 53,
            "Height" : 123
        },
        {
            "Character": "w",
            "X" : 265,
            "Y" : 369,
            "Width" : 53,
            "Height" : 123
        },
        {
            "Character": "X",
            "X" : 318,
            "Y" : 369,
            "Width" : 53,
            "Height" : 123
        },
        {
            "Character": "x",
            "X" : 371,
            "Y" : 369,
            "Width" : 53,
            "Height" : 123
        },
        {
            "Character": "Y",
            "X" : 424,
            "Y" : 369,
            "Width" : 53,
            "Height" : 123
        },
        {
            "Character": "y",
            "X" : 477,
            "Y" : 369,
            "Width" : 53,
            "Height" : 123
        },
        {
            "Character": "Z",
            "X" : 530,
            "Y" : 369,
            "Width" : 53,
            "Height" : 123
        },
        {
            "Character": "z",
            "X" : 583,
            "Y" : 369,
            "Width" : 53,
            "Height" : 123
        },
        {
            "Character": "Á",
            "X" : 636,
            "Y" : 369,
            "Width" : 53,
            "Height" : 123
        },
        {
            "Character": "á",
            "X" : 689,
            "Y" : 369,
            "Width" : 53,
            "Height" : 123
        },
        {
            "Character": "À",
            "X" : 742,
            "Y" : 369,
            "Width" : 53,
            "Height" : 123
        },
        {
            "Character": "à",
            "X" : 795,
            "Y" : 369,
            "Width" : 53,
            "Height" : 123
        },
        {
            "Character": "Â",
            "X" : 848,
            "Y" : 369,
            "Width" : 53,
            "Height" : 123
        },
        {
            "Character": "â",
            "X" : 901,
            "Y" : 369,
            "Width" : 53,
            "Height" : 123
        },
        {
            "Character": "Ä",
            "X" : 954,
            "Y" : 369,
            "Width" : 53,
            "Height" : 123
        },
        {
            "Character": "ä",
            "X" : 0,
            "Y" : 492,
            "Width" : 53,
            "Height" : 123
        },
        {
            "Character": "Ã",
            "X" : 53,
            "Y" : 492,
            "Width" : 53,
            "Height" : 123
        },
        {
            "Character": "ã",
            "X" : 106,
            "Y" : 492,
            "Width" : 53,
            "Height" : 123
        },
        {
            "Character": "Å",
            "X" : 159,
            "Y" : 492,
            "Width" : 53,
            "Height" : 123
        },
        {
            "Character": "å",
            "X" : 212,
            "Y" : 492,
            "Width" : 53,
            "Height" : 123
        },
        {
            "Character": "Æ",
            "X" : 265,
            "Y" : 492,
            "Width" : 88,
            "Height" : 123
        },
        {
            "Character": "æ",
            "X" : 353,
            "Y" : 492,
            "Width" : 88,
            "Height" : 123
        },
        {
            "Character": "Ç",
            "X" : 441,
            "Y" : 492,
            "Width" : 53,
            "Height" : 123
        },
        {
            "Character": "ç",
            "X" : 494,
            "Y" : 492,
            "Width" : 53,
            "Height" : 123
        },
        {
            "Character": "É",
            "X" : 547,
            "Y" : 492,
            "Width" : 53,
            "Height" : 123
        },
        {
            "Character": "é",
            "X" : 600,
            "Y" : 492,
            "Width" : 53,
            "Height" : 123
        },
        {
            "Character": "È",
            "X" : 653,
            "Y" : 492,
            "Width" : 53,
            "Height" : 123
        },
        {
            "Character": "è",
            "X" : 706,
            "Y" : 492,
            "Width" : 53,
            "Height" : 123
        },
        {
            "Character": "Ê",
            "X" : 759,
            "Y" : 492,
            "Width" : 53,
            "Height" : 123
        },
        {
            "Character": "ê",
            "X" : 812,
            "Y" : 492,
            "Width" : 53,
            "Height" : 123
        },
        {
            "Character": "Ë",
            "X" : 865,
            "Y" : 492,
            "Width" : 53,
            "Height" : 123
        },
        {
            "Character": "ë",
            "X" : 918,
            "Y" : 492,
            "Width" : 53,
            "Height" : 123
        },
        {
            "Character": "Ñ",
            "X" : 971,
            "Y" : 492,
            "Width" : 53,
            "Height" : 123
        },
        {
            "Character": "ñ",
            "X" : 0,
            "Y" : 615,
            "Width" : 53,
            "Height" : 123
        },
        {
            "Character": "Ó",
            "X" : 53,
            "Y" : 615,
            "Width" : 53,
            "Height" : 123
        },
        {
            "Character": "ó",
            "X" : 106,
            "Y" : 615,
            "Width" : 53,
            "Height" : 123
        },
        {
            "Character": "Ò",
            "X" : 159,
            "Y" : 615,
            "Width" : 53,
            "Height" : 123
        },
        {
            "Character": "ò",
            "X" : 212,
            "Y" : 615,
            "Width" : 53,
            "Height" : 123
        },
        {
            "Character": "Ô",
            "X" : 265,
            "Y" : 615,
            "Width" : 53,
            "Height" : 123
        },
        {
            "Character": "ô",
            "X" : 318,
            "Y" : 615,
            "Width" : 53,
            "Height" : 123
        },
        {
            "Character": "Ö",
            "X" : 371,
            "Y" : 615,
            "Width" : 53,
            "Height" : 123
        },
        {
            "Character": "ö",
            "X" : 424,
            "Y" : 615,
            "Width" : 53,
            "Height" : 123
        },
        {
            "Character": "Õ",
            "X" : 477,
            "Y" : 615,
            "Width" : 53,
            "Height" : 123
        },
        {
            "Character": "õ",
            "X" : 530,
            "Y" : 615,
            "Width" : 53,
            "Height" : 123
        },
        {
            "Character": "Ø",
            "X" : 583,
            "Y" : 615,
            "Width" : 53,
            "Height" : 123
        },
        {
            "Character": "ø",
            "X" : 636,
            "Y" : 615,
            "Width" : 53,
            "Height" : 123
        },
        {
            "Character": "Œ",
            "X" : 689,
            "Y" : 615,
            "Width" : 88,
            "Height" : 123
        },
        {
            "Character": "œ",
            "X" : 777,
            "Y" : 615,
            "Width" : 88,
            "Height" : 123
        },
        {
            "Character": "ß",
            "X" : 865,
            "Y" : 615,
            "Width" : 53,
            "Height" : 123
        },
        {
            "Character": "Ú",
            "X" : 918,
            "Y" : 615,
            "Width" : 53,
            "Height" : 123
        },
        {
            "Character": "ú",
            "X" : 971,
            "Y" : 615,
            "Width" : 53,
            "Height" : 123
        },
        {
            "Character": "Ù",
            "X" : 0,
            "Y" : 738,
            "Width" : 53,
            "Height" : 123
        },
        {
            "Character": "ù",
            "X" : 53,
            "Y" : 738,
            "Width" : 53,
            "Height" : 123
        },
        {
            "Character": "Û",
            "X" : 106,
            "Y" : 738,
            "Width" : 53,
            "Height" : 123
        },
        {
            "Character": "û",
            "X" : 159,
            "Y" : 738,
            "Width" : 53,
            "Height" : 123
        },
        {
            "Character": "Ü",
            "X" : 212,
            "Y" : 738,
            "Width" : 53,
            "Height" : 123
        },
        {
            "Character": "ü",
            "X" : 265,
            "Y" : 738,
            "Width" : 53,
            "Height" : 123
        },  
        {
            "Character": "0",
            "X" : 319,
            "Y" : 738,
            "Width" : 52,
            "Height" : 123
        },
        {
            "Character": "1",
            "X" : 371,
            "Y" : 738,
            "Width" : 53,
            "Height" : 123
        },
        {
            "Character": "2",
            "X" : 423,
            "Y" : 738,
            "Width" : 53,
            "Height" : 123
        },
        {
            "Character": "3",
            "X" : 477,
            "Y" : 737,
            "Width" : 53,
            "Height" : 123
        },
        {
            "Character": "4",
            "X" : 530,
            "Y" : 738,
            "Width" : 53,
            "Height" : 123
        },
        {
            "Character": "5",
            "X" : 583,
            "Y" : 738,
            "Width" : 53,
            "Height" : 123
        },
        {
            "Character": "6",
            "X" : 636,
            "Y" : 738,
            "Width" : 53,
            "Height" : 123
        },
        {
            "Character": "7",
            "X" : 689,
            "Y" : 738,
            "Width" : 53,
            "Height" : 123
        },
        {
            "Character": "8",
            "X" : 742,
            "Y" : 738,
            "Width" : 53,
            "Height" : 123
        },
        {
            "Character": "9",
            "X" : 795,
            "Y" : 738,
            "Width" : 53,
            "Height" : 123
        },
        {
            "Character": "$",
            "X" : 848,
            "Y" : 738,
            "Width" : 53,
            "Height" : 123
        },
        {
            "Character": "¢",
            "X" : 901,
            "Y" : 738,
            "Width" : 53,
            "Height" : 123
        },
        {
            "Character": "€",
            "X" : 945,
            "Y" : 738,
            "Width" : 53,
            "Height" : 123
        },
        {
            "Character": "£",
            "X" : 0,
            "Y" : 861,
            "Width" : 53,
            "Height" : 123
        },
        {
            "Character": "¥",
            "X" : 53,
            "Y" : 861,
            "Width" : 53,
            "Height" : 123
        },
        {
            "Character": "¤",
            "X" : 53,
            "Y" : 861,
            "Width" : 53,
            "Height" : 123
        },
        {
            "Character": "+",
            "X" : 159,
            "Y" : 861,
            "Width" : 53,
            "Height" : 123
        },
        {
            "Character": "-",
            "X" : 212,
            "Y" : 861,
            "Width" : 53,
            "Height" : 123
        },
        {
            "Character": "*",
            "X" : 265,
            "Y" : 861,
            "Width" : 44,
            "Height" : 123
        },
        {
            "Character": "/",
            "X" : 309,
            "Y" : 861,
            "Width" : 53,
            "Height" : 123
        },
        {
            "Character": "÷",
            "X" : 362,
            "Y" : 861,
            "Width" : 53,
            "Height" : 123
        },
        {
            "Character": "=",
            "X" : 415,
            "Y" : 861,
            "Width" : 53,
            "Height" : 123
        },
        {
            "Character": "%",
            "X" : 468,
            "Y" : 861,
            "Width" : 53,
            "Height" : 123
        },
        {
            "Character": "‰",
            "X" : 521,
            "Y" : 861,
            "Width" : 68,
            "Height" : 123
        },
        {
            "Character": "\"",
            "X" : 589,
            "Y" : 861,
            "Width" : 36,
            "Height" : 123
        },
        {
            "Character": "'",
            "X" : 625,
            "Y" : 861,
            "Width" : 18,
            "Height" : 123
        },
        {
            "Character": "’",
            "X" : 625,
            "Y" : 861,
            "Width" : 18,
            "Height" : 123
        },
        {
            "Character": "#",
            "X" : 643,
            "Y" : 861,
            "Width" : 53,
            "Height" : 123
        },
        {
            "Character": "@",
            "X" : 696,
            "Y" : 861,
            "Width" : 53,
            "Height" : 123
        },
        {
            "Character": "&",
            "X" : 758,
            "Y" : 861,
            "Width" : 53,
            "Height" : 123
        },
        {
            "Character": "_",
            "X" : 811,
            "Y" : 861,
            "Width" : 53,
            "Height" : 123
        },
        {
            "Character": "(",
            "X" : 864,
            "Y" : 861,
            "Width" : 44,
            "Height" : 123
        },
        {
            "Character": ")",
            "X" : 908,
            "Y" : 861,
            "Width" : 44,
            "Height" : 123
        },
        {
            "Character": ",",
            "X" : 952,
            "Y" : 861,
            "Width" : 18,
            "Height" : 123
        },
        {
            "Character": ".",
            "X" : 970,
            "Y" : 861,
            "Width" : 18,
            "Height" : 123
        },
        {
            "Character": ";",
            "X" : 988,
            "Y" : 861,
            "Width" : 18,
            "Height" : 123
        },
        {
            "Character": ":",
            "X" : 1006,
            "Y" : 861,
            "Width" : 18,
            "Height" : 123
        },
        {
            "Character": "¿",
            "X" : 0,
            "Y" : 984,
            "Width" : 53,
            "Height" : 123
        },
        {
            "Character": "?",
            "X" : 53,
            "Y" : 984,
            "Width" : 53,
            "Height" : 123
        },
        {
            "Character": "¡",
            "X" : 106,
            "Y" : 984,
            "Width" : 18,
            "Height" : 123
        },
        {
            "Character": "!",
            "X" : 124,
            "Y" : 984,
            "Width" : 18,
            "Height" : 123
        },
        {
            "Character": "|",
            "X" : 142,
            "Y" : 984,
            "Width" : 18,
            "Height" : 123
        },
        {
            "Character": "{",
            "X" : 160,
            "Y" : 984,
            "Width" : 44,
            "Height" : 123
        },
        {
            "Character": "}",
            "X" : 204,
            "Y" : 984,
            "Width" : 44,
            "Height" : 123
        },
        {
            "Character": "<",
            "X" : 248,
            "Y" : 984,
            "Width" : 44,
            "Height" : 123
        },
        {
            "Character": ">",
            "X" : 292,
            "Y" : 984,
            "Width" : 44,
            "Height" : 123
        },
        {
            "Character": "[",
            "X" : 336,
            "Y" : 984,
            "Width" : 35,
            "Height" : 123
        },
        {
            "Character": "]",
            "X" : 371,
            "Y" : 984,
            "Width" : 36,
            "Height" : 123
        },
        {
            "Character": "§",
            "X" : 407,
            "Y" : 984,
            "Width" : 53,
            "Height" : 123
        },
        {
            "Character": "¶",
            "X" : 460,
            "Y" : 984,
            "Width" : 53,
            "Height" : 123
        },
        {
            "Character": "µ",
            "X" : 513,
            "Y" : 984,
            "Width" : 53,
            "Height" : 123
        },
        {
            "Character": "`",
            "X" : 566,
            "Y" : 984,
            "Width" : 27,
            "Height" : 123
        },
        {
            "Character": "^",
            "X" : 593,
            "Y" : 984,
            "Width" : 53,
            "Height" : 123
        },
        {
            "Character": "~",
            "X" : 646,
            "Y" : 984,
            "Width" : 62,
            "Height" : 123
        },
        {
            "Character": "©",
            "X" : 708,
            "Y" : 984,
            "Width" : 70,
            "Height" : 123
        },
        {
            "Character": "®",
            "X" : 778,
            "Y" : 984,
            "Width" : 70,
            "Height" : 123
        },
        {
            "Character": "™",
            "X" : 848,
            "Y" : 984,
            "Width" : 70,
            "Height" : 123
        },
        {
            "Character": "\\",
            "X" : 918,
            "Y" : 984,
            "Width" : 53,
            "Height" : 123
        },
        {
            "Character": "Í",
            "X" : 0,
            "Y" : 1107,
            "Width" : 35,
            "Height" : 123
        },
        {
            "Character": "í",
            "X" : 35,
            "Y" : 1107,
            "Width" : 27,
            "Height" : 123
        },
        {
            "Character": "Ì",
            "X" : 62,
            "Y" : 1107,
            "Width" : 35,
            "Height" : 123
        },
        {
            "Character": "ì",
            "X" : 97,
            "Y" : 1107,
            "Width" : 27,
            "Height" : 123
        },
        {
            "Character": "Î",
            "X" : 124,
            "Y" : 1107,
            "Width" : 35,
            "Height" : 123
        },
        {
            "Character": "î",
            "X" : 158,
            "Y" : 1107,
            "Width" : 35,
            "Height" : 123
        },
        {
            "Character": "Ï",
            "X" : 195,
            "Y" : 1107,
            "Width" : 35,
            "Height" : 123
        },
        {
            "Character": "ï",
            "X" : 230,
            "Y" : 1107,
            "Width" : 35,
            "Height" : 123
        },
        {
            "Character": "¨",
            "X" : 266,
            "Y" : 1107,
            "Width" : 35,
            "Height" : 123
        },
        {
            "Character": "Ő",
            "X" : 301,
            "Y" : 1107,
            "Width" : 53,
            "Height" : 123
        },
        {
            "Character": "ő",
            "X" : 354,
            "Y" : 1107,
            "Width" : 53,
            "Height" : 123
        },
        {
            "Character": "Ű",
            "X" : 407,
            "Y" : 1107,
            "Width" : 53,
            "Height" : 123
        },
        {
            "Character": "ű",
            "X" : 460,
            "Y" : 1107,
            "Width" : 53,
            "Height" : 123
        },
        {
            "Character": "˝",
            "X" : 513,
            "Y" : 1107,
            "Width" : 45,
            "Height" : 123
        }
    ]
}